<keymap version="1" name="macOS copy" parent="Mac OS X 10.5+">
  <action id="Android.Designer.SwitchLayoutQualifier">
    <keyboard-shortcut first-keystroke="shift ctrl t" />
  </action>
  <action id="GotoTest" />
  <action id="NextSplitter">
    <keyboard-shortcut first-keystroke="alt tab" />
    <keyboard-shortcut first-keystroke="shift ctrl e" />
  </action>
  <action id="Refactorings.QuickListPopupAction" />
  <action id="ReopenClosedTab">
    <keyboard-shortcut first-keystroke="shift meta t" />
  </action>
  <action id="ResourceExplorer.show" />
  <action id="ServiceView.GroupByContributor" />
  <action id="ServiceView.ShowServices" />
  <action id="SplitVertically">
    <keyboard-shortcut first-keystroke="shift ctrl h" />
    <keyboard-shortcut first-keystroke="shift ctrl w" />
  </action>
  <action id="UsageGrouping.UsageType" />
  <action id="android.deploy.ApplyChanges">
    <keyboard-shortcut first-keystroke="ctrl meta e" />
  </action>
  <action id="android.deploy.CodeSwap">
    <keyboard-shortcut first-keystroke="shift ctrl meta e" />
  </action>
  <action id="android.emulator.tilt" />
</keymap>