<application>
  <component name="GraziConfig">
    <option name="enabledLanguages">
      <set>
        <option value="English (US)" />
        <option value="Russian" />
      </set>
    </option>
    <option name="suppressingContext">
      <SuppressingContext>
        <option name="suppressed">
          <set>
            <option value="resetDeletedProductFromFavoritesState" />
            <option value="_deletedProductFromFavoritesState" />
            <option value="deletedProductFromFavoritesState" />
          </set>
        </option>
      </SuppressingContext>
    </option>
  </component>
</application>